"","participant_id","pollutant","level","result","uncertainty_std","n_lab","x_pt","sigma_pt","z_score","z_prime_score","zeta_score","U_xi","U_xpt","En_score","z_score_eval","z_prime_score_eval","zeta_score_eval","En_score_eval"
"1","part_1","so2","180-ppb",180.672469108722,0.368822507425504,7,180.613347956423,0.120780412371015,0.48949288331128,0.455219134934722,0.158970681967993,0.737645014851009,0.0954852999566964,0.0794853409839967,"Satisfactory","Satisfactory","Satisfactory","Satisfactory"
"2","part_2","so2","180-ppb",180.481949623455,0.381871952887302,7,180.613347956423,0.120780412371015,-1.08791094837761,-1.01173663129957,-0.341431974992157,0.763743905774604,0.0954852999566964,-0.170715987496079,"Satisfactory","Satisfactory","Satisfactory","Satisfactory"
"3","part_3","so2","180-ppb",180.392354683045,0.38794197780091,7,180.613347956423,0.120780412371015,-1.82971120101674,-1.70159685361051,-0.565390052293928,0.775883955601821,0.0954852999566964,-0.282695026146964,"Satisfactory","Satisfactory","Satisfactory","Satisfactory"
"4","part_4","so2","180-ppb",180.544103239014,0.431602492074314,7,180.613347956423,0.120780412371015,-0.573310821263676,-0.533168233905457,-0.159463679101901,0.863204984148629,0.0954852999566964,-0.0797318395509503,"Satisfactory","Satisfactory","Satisfactory","Satisfactory"
"5","part_5","so2","180-ppb",180.637468011991,0.379360209228629,7,180.613347956423,0.120780412371015,0.199701715649547,0.185718823178796,0.0630832746061054,0.758720418457259,0.0954852999566964,0.0315416373030527,"Satisfactory","Satisfactory","Satisfactory","Satisfactory"
"6","part_6","so2","180-ppb",180.650748336624,0.318726727773064,7,180.613347956423,0.120780412371015,0.309656006848741,0.287974236952049,0.116048392916027,0.637453455546128,0.0954852999566964,0.0580241964580135,"Satisfactory","Satisfactory","Satisfactory","Satisfactory"
"7","ref","so2","180-ppb",180.613347956423,0.41387895939761,7,180.613347956423,0.120780412371015,0,0,0,0.827757918795219,0.0954852999566964,0,"Satisfactory","Satisfactory","Satisfactory","Satisfactory"
