"","Item","sample_id","sample_1","sample_2","average","range"
"1",1,1,120.694366666667,119.089336448598,80.261234371755,119.694366666667
"2",2,2,119.104028037383,119.090700934579,80.0649096573207,117.104028037383
