"","Item","sample_id","sample_1","sample_2","average","range"
"1",1,1,180.05,180.070212765957,120.373404255319,179.070212765957
"2",2,2,181.09175257732,179.953191489362,121.014981355561,179.09175257732
