"","Item","sample_id","sample_1","sample_2","average","range"
"1",1,1,4.03605952380952,4.01078181818182,3.01561378066378,3.03605952380952
"2",2,2,4.03334523809524,4.03519047619048,3.35617857142857,2.03519047619048
