"","Item","sample_id","sample_1","sample_2","average","range"
"1",1,1,25.7561538461538,25.6161538461538,17.4574358974359,24.7561538461538
"2",2,2,25.8576923076923,25.7747252747253,17.8774725274725,23.8576923076923
