"","Item","sample_id","sample_1","sample_2","average","range"
"1",1,1,182,182.043333333333,121.681111111111,181.043333333333
"2",2,2,182.056666666667,182.521782178218,122.192816281628,180.521782178218
