"iteration","x_star_prev","s_star_prev","delta_winsor","lower_bound","upper_bound","n_winsorized","x_star_new","s_star_new","delta_x","delta_s","delta_max","x_star","s_star","signif3_x_prev","signif3_s_prev","signif3_x_new","signif3_s_new","signif3_converged"
1,10.01,0.0593199999999987,0.0889799999999981,9.92102,10.09898,2,10.01375,0.0672556936772361,0.00375000000000014,0.00793569367723736,0.00793569367723736,10.01375,0.0672556936772361,10,0.0593,10,0.0673,FALSE
2,10.01375,0.0672556936772361,0.100883540515854,9.91286645948415,10.1146335405159,2,10.0146875,0.0731248779219346,0.000937500000000924,0.00586918424469854,0.00586918424469854,10.0146875,0.0731248779219346,10,0.0673,10,0.0731,FALSE
3,10.0146875,0.0731248779219346,0.109687316882902,9.9050001831171,10.1243748168829,1,10.0155468521104,0.0763548135563693,0.000859352110362366,0.00322993563443467,0.00322993563443467,10.0155468521104,0.0763548135563693,10,0.0731,10,0.0764,FALSE
4,10.0155468521104,0.0763548135563693,0.114532220334554,9.90101463177581,10.1300790724449,1,10.0162598840556,0.0778676657850286,0.000713031945251075,0.00151285222865927,0.00151285222865927,10.0162598840556,0.0778676657850286,10,0.0764,10,0.0779,FALSE
5,10.0162598840556,0.0778676657850286,0.116801498677543,9.89945838537807,10.1330613827332,1,10.0166326728416,0.0786735042522894,0.000372788786030753,0.000805838467260789,0.000805838467260789,10.0166326728416,0.0786735042522894,10,0.0779,10,0.0787,FALSE
6,10.0166326728416,0.0786735042522894,0.118010256378434,9.89862241646321,10.1346429292201,1,10.0168303661525,0.0791048505028276,0.000197693310864722,0.000431346250538228,0.000431346250538228,10.0168303661525,0.0791048505028276,10,0.0787,10,0.0791,FALSE
7,10.0168303661525,0.0791048505028276,0.118657275754241,9.89817309039827,10.1354876419068,1,10.0169359552383,0.0793363503722492,0.000105589085833913,0.000231499869421573,0.000231499869421573,10.0169359552383,0.0793363503722492,10,0.0791,10,0.0793,FALSE
8,10.0169359552383,0.0793363503722492,0.119004525558374,9.89793142967997,10.1359404807967,1,10.0169925600996,0.0794607709051422,5.66048612462566e-05,0.000124420532893008,0.000124420532893008,10.0169925600996,0.0794607709051422,10,0.0793,10,0.0795,FALSE
9,10.0169925600996,0.0794607709051422,0.119191156357713,9.89780140374188,10.1361837164573,1,10.0170229645572,0.0795276922898264,3.04044575738516e-05,6.69213846841987e-05,6.69213846841987e-05,10.0170229645572,0.0795276922898264,10,0.0795,10,0.0795,TRUE
