"sample_id","tiempo","media"
1,0,2.01218085106383
2,1,2.0065404040404
