"metrica","valor"
"n_replicas",2
"s_x",0.00242198015446273
"s_w",0.00501479225200081
"s_b",0
