"Iteración","Valor asignado (x*)","Desviación robusta (s*)","Cambio"
1,40.2495654519249,0.0154142780427756,0.00159724486619836
2,40.2500044387546,0.0147948092568466,0.000619468785929089
