"Iteración","Valor asignado (x*)","Desviación robusta (s*)","Cambio"
1,3.91508691322536,0.0106525907684116,0.00207770710926169
2,3.91514105678548,0.0106196134051599,5.41435601189022e-05
