"Iteración","Valor asignado (x*)","Desviación robusta (s*)","Cambio"
1,120.695486746081,0.0664584032041322,0.0205873463716117
2,120.695486746081,0.0664584032041322,0
