"Iteración","Valor asignado (x*)","Desviación robusta (s*)","Cambio"
1,100.05460978836,0.00447137395340249,0.00124338624344489
2,100.05460978836,0.00447137395340249,0
