"Iteración","Valor asignado (x*)","Desviación robusta (s*)","Cambio"
1,59.8830697059502,0.00500732849825747,0.000550365734369507
