"Iteración","Valor asignado (x*)","Desviación robusta (s*)","Cambio"
1,1.96380739862979,0.00306957059774067,0.00046458372905459
