"Iteración","Valor asignado (x*)","Desviación robusta (s*)","Cambio"
1,-0.0363028661357992,0.000684332624364437,0.000103565436498476
