"Iteración","Valor asignado (x*)","Desviación robusta (s*)","Cambio"
1,180.943256159237,0.0304904436657915,0.00845268056579304
2,180.944239700243,0.0299925068837492,0.000983541006291944
