"Iteración","Valor asignado (x*)","Desviación robusta (s*)","Cambio"
1,19.7234209808393,0.00605260055885683,0.000664517088241192
