"Iteración","Valor asignado (x*)","Desviación robusta (s*)","Cambio"
1,44.8160033893958,0.00323079297080492,0.000373163407054733
