"Iteración","Valor asignado (x*)","Desviación robusta (s*)","Cambio"
1,80.4322783459596,0.0120176910659194,0.00469709520301461
2,80.4322783459596,0.0120176910659194,0
