"Iteración","Valor asignado (x*)","Desviación robusta (s*)","Cambio"
1,182.434438116459,0.0144856768280671,0.00473952807410296
2,182.433646930524,0.014034897852788,0.000791185934673422
