"Iteración","Valor asignado (x*)","Desviación robusta (s*)","Cambio"
1,94.6010530021482,0.13327906854646,0.00974894461378889
2,94.5920013718809,0.141728613863401,0.00905163026730804
3,94.5825323999435,0.149279572294266,0.00946897193743723
4,94.5727830674599,0.155909209720092,0.0097493324836222
5,94.5678906964007,0.160160189373428,0.00489237105915663
6,94.5662323466759,0.162312455359955,0.00215226598652693
7,94.5654428867445,0.163321164615714,0.00100870925575836
8,94.5650660456064,0.163799130466091,0.000477965850377599
