"Iteración","Valor asignado (x*)","Desviación robusta (s*)","Cambio"
1,101.094145303867,0.409931809480911,0.104383002926803
2,101.094145303867,0.409931809480911,0
