"Iteración","Valor asignado (x*)","Desviación robusta (s*)","Cambio"
1,-0.991608848116694,0.00277467803567518,0.000297104241127011
