"Iteración","Valor asignado (x*)","Desviación robusta (s*)","Cambio"
1,81.5934034516765,0.0102683029320205,0.00328154923761969
2,81.5934034516765,0.0102683029320205,0
