"Iteración","Valor asignado (x*)","Desviación robusta (s*)","Cambio"
1,135.979024764688,0.00802707292096885,0.00129325669996661
2,135.979745048695,0.00804466510175219,0.000720284006177963
