"Iteración","Valor asignado (x*)","Desviación robusta (s*)","Cambio"
1,-0.0775828831024881,0.00207624276058466,0.000268023462338971
