"Iteración","Valor asignado (x*)","Desviación robusta (s*)","Cambio"
1,90.448710796488,0.00175211107746278,0.000256403638711867
