"Iteración","Valor asignado (x*)","Desviación robusta (s*)","Cambio"
1,5.93037811297499,0.0222309924279413,0.00841802867144154
2,5.93043657677647,0.0222062089402099,5.84638014826666e-05
