"Iteración","Valor asignado (x*)","Desviación robusta (s*)","Cambio"
1,40.1732143378825,0.0046311551229244,0.0010044682363457
2,40.1731238137584,0.00457822592719293,9.05241241611066e-05
