"Iteración","Valor asignado (x*)","Desviación robusta (s*)","Cambio"
1,180.41126553115,0.0041148102550415,0.00072396324704898
