"Participante","Resultado","Peso","Residuo estandarizado"
"part_1",94.5957901930671,1,0.125048069031367
"part_2",94.6209965524694,1,0.227638598991566
"part_3",94.0936289645782,0.271617797852056,-1.91876102429718
"part_4",94.6872705069239,1,0.497375295256671
"part_5",94.3522630408546,1,-0.866113693221932
"part_6",94.6961111461414,1,0.533356923862204
