"Iteración","Valor asignado (x*)","Desviación robusta (s*)","Cambio"
1,122.170154015565,0.00718183531655833,0.000728783009350309
