"Iteración","Valor asignado (x*)","Desviación robusta (s*)","Cambio"
1,139.572925276729,0.0108835064750628,0.00262565126075742
2,139.573423671328,0.0110972759975379,0.000498394598992036
