"","participant_id","pollutant","level","result","uncertainty_std","n_lab","x_pt","sigma_pt","z_score","z_prime_score","zeta_score","U_xi","U_xpt","En_score","z_score_eval","z_prime_score_eval","zeta_score_eval","En_score_eval"
"1","part_1","no2","120-ppb",123.061308016878,0.392163062434028,7,123.040632911392,0.524681645569724,0.0394050481085045,0.036645950377602,0.0466045695372018,0.784326124868056,0.41479726162138,0.0233022847686009,"Satisfactory","Satisfactory","Satisfactory","Satisfactory"
"2","part_2","no2","120-ppb",122.95911392405,0.465652242348987,7,123.040632911392,0.524681645569724,-0.155368475399003,-0.14448974720289,-0.159919192670519,0.931304484697973,0.41479726162138,-0.0799595963352596,"Satisfactory","Satisfactory","Satisfactory","Satisfactory"
"3","part_3","no2","120-ppb",122.945147679325,0.366150311845581,7,123.040632911392,0.524681645569724,-0.181986987488368,-0.16924446062099,-0.226908702994491,0.732300623691161,0.41479726162138,-0.113454351497245,"Satisfactory","Satisfactory","Satisfactory","Satisfactory"
"4","part_4","no2","120-ppb",122.994050632911,0.441602814165665,7,123.040632911392,0.524681645569724,-0.0887819859420012,-0.0825655698299568,-0.0954788983036185,0.883205628331331,0.41479726162138,-0.0477394491518093,"Satisfactory","Satisfactory","Satisfactory","Satisfactory"
"5","part_5","no2","120-ppb",122.878523206751,0.309233179655196,7,123.040632911392,0.524681645569724,-0.308967744555486,-0.28733416602063,-0.435377273631223,0.618466359310393,0.41479726162138,-0.217688636815611,"Satisfactory","Satisfactory","Satisfactory","Satisfactory"
"6","part_6","no2","120-ppb",123.029409282701,0.378621906047594,7,123.040632911392,0.524681645569724,-0.021391311829633,-0.0198935159186205,-0.0259984080805078,0.757243812095187,0.41479726162138,-0.0129992040402539,"Satisfactory","Satisfactory","Satisfactory","Satisfactory"
"7","ref","no2","120-ppb",123.040632911392,0.389545169277973,7,123.040632911392,0.524681645569724,0,0,0,0.779090338555947,0.41479726162138,0,"Satisfactory","Satisfactory","Satisfactory","Satisfactory"
