"","participant_id","pollutant","level","result","uncertainty_std","n_lab","x_pt","sigma_pt","z_score","z_prime_score","zeta_score","U_xi","U_xpt","En_score","z_score_eval","z_prime_score_eval","zeta_score_eval","En_score_eval"
"1","part_1","no2","30-ppb",32.9162658730159,0.0308603050598189,7,32.90925,0.0213622619047387,0.328423696291539,0.30542783361127,0.219282168378713,0.0617206101196378,0.0168883508980053,0.109641084189357,"Satisfactory","Satisfactory","Satisfactory","Satisfactory"
"2","part_2","no2","30-ppb",32.9167698412698,0.0373583842741235,7,32.90925,0.0213622619047387,0.352015217459938,0.327367502652878,0.196336288748735,0.074716768548247,0.0168883508980053,0.0981681443743675,"Satisfactory","Satisfactory","Satisfactory","Satisfactory"
"3","part_3","no2","30-ppb",32.9144444444445,0.0242904617520501,7,32.90925,0.0213622619047387,0.243159852061858,0.226134069115899,0.20198996153355,0.0485809235041001,0.0168883508980053,0.100994980766775,"Satisfactory","Satisfactory","Satisfactory","Satisfactory"
"4","part_4","no2","30-ppb",32.9050555555556,0.0316693338687432,7,32.90925,0.0213622619047387,-0.196348329738402,-0.182600237627056,-0.127973958056557,0.0633386677374863,0.0168883508980053,-0.0639869790282784,"Satisfactory","Satisfactory","Satisfactory","Satisfactory"
"5","part_5","no2","30-ppb",32.9275912698413,0.0364672916697221,7,32.90925,0.0213622619047387,0.858582762588086,0.798465750536082,0.489986798052825,0.0729345833394442,0.0168883508980053,0.244993399026412,"Satisfactory","Satisfactory","Satisfactory","Satisfactory"
"6","part_6","no2","30-ppb",32.9032023809524,0.0416487672772533,7,32.90925,0.0213622619047387,-0.283098254042731,-0.263276028519723,-0.142309765055215,0.0832975345545065,0.0168883508980053,-0.0711548825276077,"Satisfactory","Satisfactory","Satisfactory","Satisfactory"
"7","ref","no2","30-ppb",32.90925,0.0351173231480584,7,32.90925,0.0213622619047387,0,0,0,0.0702346462961169,0.0168883508980053,0,"Satisfactory","Satisfactory","Satisfactory","Satisfactory"
