"Combinación","Etiqueta","x_pt","sigma_pt","u(x_pt)","Nota"
"Referencia (1)","1",0.126268352790481,0.0575361573472041,0.0227431631288745,""
"Consenso MADe (2a)","2a",0.114075740418755,0.0475971003467708,0.0242892935595077,""
"Consenso nIQR (2b)","2b",0.114075740418755,0.0377190495030392,0.019248421846922,""
"Algoritmo A (3)","3",0.117400701539307,0.0345367002231376,0.0176244360304486,""
