"Combinación","Etiqueta","x_pt","sigma_pt","u(x_pt)","Nota"
"Referencia (1)","1",177.86966413984,0.253289659090974,0.100121528811881,""
"Consenso MADe (2a)","2a",178.351209388385,0.453592197785027,0.231472799141855,""
"Consenso nIQR (2b)","2b",178.351209388385,0.413546919438831,0.211037278609375,""
"Algoritmo A (3)","3",178.338310444956,0.408620633445288,0.208523343815374,""
