"Combinación","Etiqueta","x_pt","sigma_pt","u(x_pt)","Nota"
"Referencia (1)","1",-0.99455073375262,0.023644056603778,0.00934613399923546,""
"Consenso MADe (2a)","2a",-0.991655241090147,0.00247757379454817,0.00126433158265294,""
"Consenso nIQR (2b)","2b",-0.991655241090147,0.00449702573899348,0.0022948788376451,""
"Algoritmo A (3)","3",-0.991608848116694,0.00277467803567518,0.00141594695581503,""
