"Combinación","Etiqueta","x_pt","sigma_pt","u(x_pt)","Nota"
"Referencia (1)","1",101.047095810313,1.26312169405989,0.499292689399954,""
"Consenso MADe (2a)","2a",101.055063167587,0.514314812407714,0.262460178657115,""
"Consenso nIQR (2b)","2b",101.055063167587,0.502605094554437,0.256484588287847,""
"Algoritmo A (3)","3",101.094145303867,0.409931809480911,0.209192450534175,""
