"","Item","sample_id","sample_1","sample_2","average","range"
"1",1,1,25.6414705882353,24.744,17.1284901960784,24.6414705882353
"2",2,2,24.6037058823529,24.9624705882353,17.1887254901961,22.9624705882353
