"Item","sample_id","sample_1","sample_2","average","range"
1,1,139.63595505618,139.470786516854,93.368913857678,138.63595505618
2,2,139.465168539326,139.588764044944,93.6846441947567,137.588764044944
