"Item","sample_id","sample_1","sample_2","average","range"
1,1,-0.0513962264150943,-0.0495849056603774,0.299672955974843,1.05139622641509
2,2,0.0221009174311927,-0.0522264150943396,0.656624834112284,2.05222641509434
