"","Item","sample_id","sample_1","sample_2","average","range"
"1",1,1,139.591011235955,138.585057471264,93.058689569073,138.591011235955
"2",2,2,138.731034482759,139.521348314607,93.4174609324553,137.521348314607
