"Item","sample_id","sample_1","sample_2","average","range"
1,1,90.4515254237288,90.4315367231638,60.6276873822975,89.4515254237288
2,2,90.4430677966102,90.5038700564972,60.9823126177025,88.5038700564972
