"Item","sample_id","sample_1","sample_2","average","range"
1,1,182.433304812834,182.44886631016,121.960723707665,181.44886631016
2,2,182.43086631016,182.550288770053,122.327051693404,180.550288770053
