"Item","sample_id","sample_1","sample_2","average","range"
1,1,6.08291666666667,6.08073809523809,4.38788492063492,5.08291666666667
2,2,6.08747619047619,5.77202840909091,4.61983486652237,4.08747619047619
