"Item","sample_id","sample_1","sample_2","average","range"
1,1,8.10510869565217,8.08892391304348,5.73134420289855,7.10510869565217
2,2,7.86179187817259,7.86502538071066,5.90893908629442,5.86502538071066
