"Item","sample_id","sample_1","sample_2","average","range"
1,1,59.8784946236559,59.9096774193548,40.2627240143369,58.9096774193548
2,2,59.9505376344086,59.8612903225806,40.6039426523297,57.9505376344086
