"Item","sample_id","sample_1","sample_2","average","range"
1,1,19.7188235294118,19.7576470588235,13.4921568627451,18.7576470588235
2,2,19.7741176470588,19.7776470588235,13.8505882352941,17.7776470588235
