"","Item","sample_id","sample_1","sample_2","average","range"
"1",1,1,180.423273684211,176.484106060606,119.302459914939,179.423273684211
"2",2,2,180.41,176.490606060606,119.633535353535,178.41
