"Item","sample_id","sample_1","sample_2","average","range"
1,1,100.127380952381,100.083333333333,67.070238095238,99.127380952381
2,2,100.084523809524,100.021428571429,67.368650793651,98.084523809524
