"Item","sample_id","sample_1","sample_2","average","range"
1,1,135.944083333333,135.896793296089,90.946958876474,134.944083333333
2,2,136.025372222222,135.936861878453,91.320744700225,134.025372222222
