"Item","sample_id","sample_1","sample_2","average","range"
1,1,80.3493295454546,80.3744431818182,53.9079242424243,79.3744431818182
2,2,80.3478522727273,80.5114715909091,54.2864412878788,78.5114715909091
