"","Item","sample_id","sample_1","sample_2","average","range"
"1",1,1,6.08383333333333,6.06016091954023,4.38133141762452,5.08383333333333
"2",2,2,6.05757471264368,6.08508333333333,4.714219348659,4.08508333333333
