"Item","sample_id","sample_1","sample_2","average","range"
1,1,44.8313672316384,44.8180564971751,30.2164745762712,43.8313672316384
2,2,44.8141242937853,44.8544519774011,30.5561920903955,42.8544519774011
