"","Item","sample_id","sample_1","sample_2","average","range"
"1",1,1,0.461444444444444,0.702045454545455,0.7211632996633,0.538555555555556
"2",2,2,0.701931818181818,0.77875,1.16022727272727,1.29806818181818
