"Item","sample_id","sample_1","sample_2","average","range"
1,1,93.5060938940092,94.4227513972286,62.9762817637459,93.4227513972286
2,2,93.2392024812896,93.7577842734061,62.9989955848986,91.7577842734061
