"Item","sample_id","sample_1","sample_2","average","range"
1,1,122.157513368984,122.148663101604,81.768725490196,121.157513368984
2,2,122.234502673797,122.191401069519,82.1419679144387,120.234502673797
