"Item","sample_id","sample_1","sample_2","average","range"
1,1,180.442061797753,180.361904494382,120.601322097378,179.442061797753
2,2,180.41806741573,180.357870786517,120.925312734082,178.41806741573
