"","Item","sample_id","sample_1","sample_2","average","range"
"1",1,1,7.97883333333333,8.10457608695652,5.69446980676328,7.10457608695652
"2",2,2,7.99585294117647,7.98771568627451,5.99452287581699,5.99585294117647
