"","Item","sample_id","sample_1","sample_2","average","range"
"1",1,1,2.00978723404255,2.01457446808511,1.67478723404255,1.01457446808511
"2",2,2,2.00924242424242,2.00383838383838,2.00436026936027,0.00924242424241983
