"","Item","sample_id","sample_1","sample_2","average","range"
"1",1,1,3.2258064516129e-05,3.2258064516129e-05,0.333354838709677,0.999967741935484
"2",2,2,3.2258064516129e-05,0,0.666677419354839,2
