"Item","sample_id","sample_1","sample_2","average","range"
1,1,181.096078014184,180.739410714286,120.94516290949,180.096078014184
2,2,180.687577380952,181.120503546099,121.269360309017,179.120503546099
