"","Item","sample_id","sample_1","sample_2","average","range"
"1",1,1,121.908860759494,122.416455696203,81.7751054852323,121.416455696203
"2",2,2,122.251898734177,123.23164556962,82.4945147679323,121.23164556962
