"Item","sample_id","sample_1","sample_2","average","range"
1,1,81.5839704142012,81.5483076923077,54.7107593688363,80.5839704142012
2,2,81.6253964497041,81.5211715976331,55.0488560157791,79.6253964497041
