"Item","sample_id","sample_1","sample_2","average","range"
1,1,4.03359523809524,4.03360714285714,3.02240079365079,3.03360714285714
2,2,4.0337619047619,4.03380952380952,3.35585714285714,2.03380952380952
