"","Item","sample_id","sample_1","sample_2","average","range"
"1",1,1,180.302173913043,180.342391304348,120.548188405797,179.342391304348
"2",2,2,180.209782608696,180.192391304348,120.800724637681,178.209782608696
