"Item","sample_id","sample_1","sample_2","average","range"
1,1,102.205319060773,101.153493093923,68.1196040515653,101.205319060773
2,2,101.261372928177,102.267929558011,68.509767495396,100.267929558011
