"Item","sample_id","sample_1","sample_2","average","range"
1,1,40.1484636871508,40.1451173184358,27.0978603351955,39.1484636871508
2,2,40.1872793296089,40.1846312849162,27.457303538175,38.1872793296089
