"Item","sample_id","sample_1","sample_2","average","range"
1,1,121.164820224719,120.400011111111,80.85494377861,120.164820224719
2,2,120.420466666667,120.44365,80.9547055555557,118.44365
