"","Item","sample_id","sample_1","sample_2","average","range"
"1",1,1,0.0502990897269181,0.298820224719101,0.449706438148673,0.949700910273082
"2",2,2,0.323539325842697,-0.0658387516254876,0.752566858072403,2.06583875162549
