"Item","sample_id","sample_1","sample_2","average","range"
1,1,2.00784848484848,1.91604545454545,1.64129797979798,1.00784848484848
2,2,2.00921212121212,2.00342424242424,2.00421212121212,0.00921212121212012
