"Item","sample_id","sample_1","sample_2","average","range"
1,1,40.1172972972973,40.1643405405405,27.0938792792793,39.1643405405405
2,2,40.1297027027027,40.142,27.4239009009009,38.142
