"","Item","sample_id","sample_1","sample_2","average","range"
"1",1,1,120.379841897233,120.412648221344,80.5974967061923,119.412648221344
"2",2,2,120.304347826087,120.311462450593,80.8719367588933,118.311462450593
